Key	Category	en	hu	it	lv	fi	pt	de	ru	pl	zh	fr	es	cs	es-ar	sv	hr	nl	sl	ar	ms	id	pt-br	tr	hi	el	zh-cn	fa-ir	sr	ro	vi	Your language here
	1	Detailed description of the service: automatically completing registrations, domain names, features.	A rendszer részletes leírása: regisztrációk automatikus aktiválása, domain nevek, szolgáltatások, jellemzők.	Descrizione dettagliata del servizio: iscrizioni il completamento automatico, i nomi di dominio, caratteristiche.		Tarkempia tietoja palvelusta: automaattinen rekisteröitymisten vahvistus, domainnimet, palvelut.	Descrição detalhada do serviço: completa automaticamente entradas de registros, nomes de domínio, características.	Genaue Beschreibung des Dienstes: automatisches Ausfüllen von Registrierungsanfragen, Domainnamen, Merkmalen.	Подробное описание службы: автоматическое выполнение регистраций, доменные имена, возможности.	Szczegółowy opis usługi: automatyczna rejestracja, nazwy domen, cechy.		Description détaillée du service: complétation automatique des enregistrements, noms de domaine, fonctions.	Descripción detallada del servicio	Detailní popis služby: automatické dokončení registrace, doménová jména, možnosti.	Descripción detallada del servicio: completa automáticamente registraciones, nombres de dominio, características						Penerangan terperinci perkhidmatan kami : Melengkapkan pendaftaran secara automatik, nama-nama domain, ciri-ciri.	Penjelasan detail tentang layanan ini: secara otomatis menyelesaikan registrasi, nama domain, fitur.	Descrição detalhada do serviço: conclusão automatica de registros, nomes de domínio, recursos.			Λεπτομερής περιγραφή της υπηρεσίας: αυτόματη συμπλήρωση καταχωρίσεων, ονόματα τομέα, χαρακτηριστικά.					Mô tả chi tiết về dịch vụ: tự động hoàn thành đăng ký, tên miền, tính năng.	
links	2	Automatically clicks on registration links!	Automatikus kattintás a linkekre!	Clicca automaticamente i link di registrazione!	Automātiski apstiprina reģistrācijas saites!			Wir klicken für Dich!	Автоматически кликает по ссылкам регистрации!	Automatycznie klika linki rejestracyjne!		Clique automatiquement sur les liens d'enregistrement		Automaticky klikat na registrační odkazy!	¡Automáticamente clickea en enlaces de registro!						Mengklik link pendaftaran secara automatik	Melakukan klik otomatis pada link registrasi!	Clique automático em links de registro			Κάνει αυτόματα κλικ στους συνδέσμους εγγραφής!					Tự động nhấp vào liên kết đăng ký!	
	8	If the email contains activation/registration links to other sites, they will be automatically visited in the background without any user action. This is most useful for registrations or subscriptions on websites where you must click on an activation link in the message to complete your registration. This will be done without any user intervention, even without you reading the email!	Ha a levél tartalmaz aktiváló, regisztrációs hivatkozásokat, automatikusan meg lesznek látogatva a háttérben, mindenféle értesítés nélkül. Ez rendkívül hasznos az olyan regisztrációnál, ahol a kiküldött levélben rá kell kattintani egy linkre a regisztrációs folyamat befejezéséhez. Ez ugyanis automatikusan meg fog történni, anélkül hogy megnéztük volna ezt a levelet!	Se il messaggio contiene link di attivazione/registrazione per altri siti, questi verranno automaticamente visitati senza alcun intervento dell'utente. Ciò è particolarmente utile per le registrazioni o sottoscrizioni su siti per cui devi cliccare un link di attivazione nel messaggio per completare la registrazione. Tutto questo avviene senza intervento dell'utente, anche senza leggere il messaggio!	Ja ziņojums satur aktivizēšanas / reģistrēšanas saites uz citām saitēm, tās tiks automātiski nospiestas bez lietotāja iesaistīšanas. Visnoderīgāk to izmantot, reģistrējoties vai pierakstoties tīmekļa vietnēs, kur, lai pabeigtu reģistrēšanās procesu, nepieciešams nospiest aktivizēšanas saiti. Tas tiks izdarīts netraucējot lietotāju un pat neliekot izlasīt šo ziņojumu.			Wir klicken auf alle Links, die in der E-Mail enthalten sind und für eine Aktivierung oder Registrierung nötig sein sollten. Dies ist am nützlichsten für Registrierungen oder Abos auf Seiten auf denen ein Klick auf einen Bestätigungslink erfolgen muss um die Registrierung abzuschließen. Du musst dazu nichts tun, noch nicht einmal die Nachricht lesen!	Если сообщение содержит ссылки активации/регистрации на других сайтах, то они будут автоматически посещены в фоновом режиме без какого-либо действия со стороны пользователя. Это очень полезно при регистрациях или подписках на сайтах, где вы должны кликнуть на ссылку активации в сообщении для выполнения вашей регистрации. Это будет сделано без какого-либо вмешательства со стороны пользователя, даже не читая этого сообщения!	Jeśli wiadomość e-mail zawiera linki aktywacyjne / rejestracyjne do innych witryn, będą one automatycznie odwiedzane w tle bez żadnych działań użytkownika. Jest to najbardziej przydatne w przypadku rejestracji lub subskrypcji na stronach internetowych, w których należy kliknąć link aktywacyjny w wiadomości, aby ukończyć rejestrację. Będzie to robione bez interwencji użytkownika, nawet bez czytania e-maila!					Si el mensaje contiene enlaces de activación/registro/verificación a otros sitios, serán visitados automáticamente en segundo plano sin intervención del usuario. Esto es muy útil para el registro o la suscripción en sitios web donde debés clikear en un enlace de activación en el mensaje para completar el proceso de registración. ¡Esto se hace sin ninguna intervención del usuario, incluso si no leés el mensaje!						Jika e-mel yang mengandungi link pengaktifan/pendaftaran untuk laman web yang lain, ianya akan dikunjungi secara automatik di latar belakang tanpa tindakan dari mana-mana pengguna. Ini adalah yang paling berguna untuk pendaftaran atau langganan pada laman web di mana anda mesti klik pada link pengaktifan dalam mesej untuk melengkapkan pendaftaran anda. Ini akan dilakukan tanpa campur tangan dari mana-mana pengguna, malah anda tidak perlu membaca e-mel!	Jika email berisi link regsitrasi/aktivasi ke sebuah website, maka link tersebut akan otomatis di-klik/dikunjungi dalam latar belakang tanpa perlu perintah. Ini sangat berguna pada registrasi atau langganan pada website yang mengharuskan anda meng-klik link aktivasi dalam pesan yang mereka kirim untuk menyelesaikan registrasi anda. Ini akan dilakukan secara otomatis tanpa perintah tambahan, bahkan tanpa perlu membaca emailnya.	Se o e-mail contiver links de ativação/registro para outros sites, eles serão automaticamente visitado em segundo plano, sem qualquer ação do usuário . Isso é mais útil para registros ou assinaturas em sites onde você deve clicar em um link de ativação na mensagem para completar o seu registo. Isso será feito sem qualquer intervenção do usuário, mesmo sem que você leia o e-mail!			Αν το μήνυμα ηλεκτρονικού ταχυδρομείου περιέχει συνδέσεις ενεργοποίησης / εγγραφής σε άλλους ιστότοπους, θα πραγματοποιηθεί αυτόματα επίσκεψη στο παρασκήνιο χωρίς καμία ενέργεια χρήστη. Αυτό είναι πολύ χρήσιμο για εγγραφές ή συνδρομές σε ιστότοπους όπου πρέπει να κάνετε κλικ σε ένα σύνδεσμο ενεργοποίησης στο μήνυμα για να ολοκληρώσετε την εγγραφή σας. Αυτό θα γίνει χωρίς παρέμβαση του χρήστη, ακόμη και χωρίς να διαβάζετε το μήνυμα ηλεκτρονικού ταχυδρομείου!					Nếu email chứa các liên kết kích hoạt/đăng ký đến các trang web khác, chúng sẽ được tự động truy cập trong nền mà không cần bất kỳ hành động nào của người dùng.  Điều này hữu ích nhất cho các đăng ký hoặc đăng ký trên các trang web mà bạn phải nhấp vào liên kết kích hoạt trong tin nhắn để hoàn tất đăng ký của mình.  Điều này sẽ được thực hiện mà không có bất kỳ sự can thiệp nào của người dùng, ngay cả khi bạn không đọc email!	
																																
	2	Alternate domain names!	Több domain név használható!	Nomi di dominio alternativi!	Alternatīvi domēnu vārdi!			Weitere Domain-Namen!	Смена доменных имён!	Alternatywne nazwy domen!		Alterne les noms de domaine			¡Nombres de dominio alternativos!						Nama domain alternatif!	Nama domain alternatif!	Nomes de domínio alternativos!			Εναλλακτικά ονόματα τομέα!					Tên miền thay thế!	
	8	Other domain names are available too, in addition to @mailnesia.com, details on [http://mailnesia.com/domains.html](/domains.html) .  Of course the domain name has no effect on the delivery, only the mailbox name.  So all mail sent to bob@mailnesia.com and bob@vipmailonly.info can be read in bob's inbox. Expect more names in the future.	Nem csak @mailnesia.com -ra végződhetnek az emailek, hanem más domain nevek is működnek, az email pedig természetesen ugyanoda fog érkezni a domaintől függetlenül. További információ: [http://mailnesia.com/domains.html](/domains.html).	Sono disponibili anche altri nomi di dominio, oltre a @mailnesia.com. [http://mailnesia.com/domains.html](/domains.html) . Ovviamente il nome di dominio non ha alcun effetto sulla consegna, solo sul nome della casella postale. Così tutta la posta inviata a bob@mailnesia.combob@vipmailonly.info potrà essere letta nella posta in arrivo di bob. In futuro forniremo altri nomi.	Papildus @mailnesia.com ir izmantojami arī citi domēnu nosaukumi. [http://mailnesia.com/domains.html](/domains.html). Protams, domēna nosaukumam nav iespaida uz vēstules piegādi, nozīme ir tikai pastkastītes nosaukumam. Līdz ar to visas vēstules, kuras nosūtītas uz bob@mailnesia.com un bob@vipmailonly.info var tikt izlasītas kopējā Boba iesūtnē. Nākotnē tiks piedāvāti vēl vairāk domēnu nosaukumu.			Wir haben auch noch andere Domain Namen, zusätzlich zu @mailnesia.com . [http://mailnesia.com/domains.html](/domains.html) . Natürlich hat der Domainname keinen Einfluss auf die Zustellung der Mails, dies hat nur der Mailboxname. Also wird jede Mail an bob@mailnesia.com und jede Mail an bob@vipmailonly.info in das Postfach von Bob zugestellt. Und wir arbeiten an weiteren Domainnamen!	Дополнительно к @mailnesia.com также есть другие доменные имена. [http://mailnesia.com/domains.html](/domains.html). Конечно, доменное имя не влияет на доставку, это лишь имя почтового ящика. Так, вся почта, отправленная на bob@mailnesia.com и bob@vipmailonly.info может быть прочитана во входящей почте на имя bob. В будущем имён ожидается больше.	Inne nazwy domen są również dostępne, oprócz @ mailnesia.com, szczegóły na [http://mailnesia.com/domains.html](/domains.html). Oczywiście nazwa domeny nie ma wpływu na dostawę, a jedynie nazwę skrzynki pocztowej. Wszystkie wiadomości wysłane na adres bob@mailnesia.com i bob@vipmailonly.info można odczytać w skrzynce odbiorczej. Oczekuj więcej nazw w przyszłości.					Otros nombres de dominio también están disponibles además de @mailnesia.com. [http://mailnesia.com/domains.html](/domains.html). Por supuesto, el nombre de dominio no tiene efecto en la entrega o distribución de los mensajes, solamente el nombre de la cuenta. Así que todo el correo enviado a roberto@mailnesia.com y roberto@vipmailonly.info lo podés leer en la bandeja de entrada de Roberto. Esperá más nombres en el futuro.						Terdapat juga nama domain yang berbeza selain @mailnesia.com . [http://mailnesia.com/domains.html](/domains.html). Nama domain ini tidak memberi kesan ke atas penghantaran, cuma nama emel yang berbeza. Jadi, semua emel yang dihantar kepada bob@mailnesia.com dan bob@vipmailonly.info boleh dibaca dalam inbox bob. Kami menjangkakan lebih banyak nama domain pada masa hadapan.	Nama domain lain juga tersedia selain @mailnesia.com, info selengkapnya di [http://mailnesia.com/domains.html](/domains.html). Tentu saja nama domain ini tidak bisa digunakan untuk mengirim, hanya menerima. Sehingga semua email yang terkirim ke bob@mailnesia.com dan bob@vipmailonly.info akan bisa dibaca di inbox Bob. Nantikan nama lainnya di lain waktu.	Outros nomes de domínio também estão disponíveis, além de @mailnesia.com, detalhes em [http://mailnesia.com/domains.html](/domains.html). É claro que o nome de domínio não tem efeito sobre o recebimento, apenas o nome do e-mail. Assim, todos os e-mails enviados para bob@mailnesia.com e bob@vipmailonly.info podem ser lidos na caixa de entrada real. Espere mais nomes no futuro.			Άλλα ονόματα τομέα είναι διαθέσιμα επίσης, εκτός από το @mailnesia.com, λεπτομέρειες σχετικά με το [http://mailnesia.com/domains.html](/domains.html). Tο όνομα τομέα δεν έχει καμία επίδραση στην παράδοση, μόνο το όνομα του γραμματοκιβωτίου. Έτσι, όλα τα μηνύματα που αποστέλλονται στο bob@mailnesia.com και bob@vipmailonly.info μπορούν να διαβαστούν στα inbox του bob. Αναμείνετε περισσότερα ονόματα στο μέλλον.					Các tên miền khác cũng có sẵn, ngoài @ mailnesia.com, thông tin chi tiết trên [http://mailnesia.com/domains.html](/domains.html).  Tất nhiên tên miền không có ảnh hưởng gì đến việc chuyển phát, chỉ có tên hộp thư.  Vì vậy, tất cả thư được gửi đến bob@mailnesia.com và bob@vipmailonly.info có thể được đọc trong hộp thư đến của bob.  Mong đợi nhiều cái tên hơn trong tương lai.	
																					 											
	8	You can use your own domain name too!  Just point your MX record to mailnesia.com, setting MX PREF and TTL to something like 10 and 1800.	Továbbá ha van saját domained, azt is használhatod! Be kell állítani MX recordként a mailnesia.com -ot, az MX PREF és TTL meg legyen mondjuk 10/1800.	Puoi anche usare il tuo nome di dominio! Basta puntare il record MX a mailnesia.com, o il record MXE a 173.213.111.178, configurando MX PREF e TTL con valori tipo 10 e 1800.	Jūs varat izmantot arī savu domēna vārdu! Vienkārši nosūtiet MX protokolu uz mailnesia.com vai MXE protokolu uz 173.213.111.178, iestatījumus MX PREF un TTL uz 10 un 1800.			Du kannst Deinen eigenen Domain Namen nutzen! Weise als MX record mailnesia.com oder als MXE record 173.213.111.178 zu und setze MX PREF und TLL auf einen Wert um und bei 10 und 1800.	Вы также можете использовать своё собственное доменное имя! Просто направить МХ регистрацию на mailnesia.com или MXE регистрацию на 173.213.111.178, выставляя MX PREF и TTL на значение 10 и 1800.	Możesz również użyć swojej własnej nazwy domeny! Po prostu wskaż swój rekord MX na stronie mailnesia.com, ustawiając MX PREF i TTL na wartość 10 i 1800.					¡Podés utilizar también tu propio nombre de dominio! Simplemente apuntá el registro MX para mailnesia.com, y establecé los valores de MX PREF y TTL a algo como 10 y 1800.						Anda juga boleh menggunakan nama domain anda sendiri! Hanya tukarkan MX record kepada mailnesia.com, tetapkan MX PREF dan TTL kepada 10 dan 1800.	Anda juga bisa menggunakan nama domain sendiri! Arahkan saja MX record domain anda ke mailnesia.com, pengaturan PREF dan TTL pada kisaran 10 dan 1800.	Você também pode usar seu próprio nome de domínio! Basta apontar o registro MX para mailnesia.com, estabelecendo MX PREF e TTL para algo como 10 e 1800.			Μπορείτε επίσης να χρησιμοποιήσετε το δικό σας domain name! Απλά τοποθετήστε την εγγραφή MX στη διεύθυνση mailnesia.com, ρυθμίζοντας τα MX PREF και TTL σε κάτι σαν 10 και 1800.					Bạn cũng có thể sử dụng tên miền của riêng mình!  Chỉ cần trỏ bản ghi MX của bạn tới mailnesia.com, đặt MX PREF và TTL thành 10 và 1800.	
																																
	8	Or if you'd rather not buy a domain, there are also free services like <http://freedns.afraid.org> .	Valamint használhatók ingyenes DNS szolgáltatók is, pl <http://freedns.afraid.org>	Oppure se preferisci non spendere $2.99 per un dominio .info per un anno ci sono anche servizi DNS gratuiti come <http://freedns.afraid.org>.	Vai, ja jūs negribat tērēt $2.99 gadā par info domēnu, ir pieejami arī bezmaksas DNS pakalpojumi, piemēram, <http://freedns.afraid.org>.			Wer die USD2,99 pro Jahr für eine info Domain nicht ausgeben möchte kann auch kostenlose DNS Dienste wie <http://freedns.afraid.org> nutzen.	Или, если вам не особо хочется тратить $2.99 за информационный домен в год, то есть также бесплатные DNS службы, как например <http://freedns.afraid.org>.	Lub jeśli wolisz nie kupować domeny, są również darmowe usługi, takie jak <http://freedns.afraid.org>.					O si preferís no comprar un nombre de dominio propio, también tenés servicios gratuitos como <http://freedns.afraid.org>.						Atau jika anda tidak mahu membeli domain, terdapat juga perkhidmatan percuma seperti <http://freedns.afraid.org>.	Atau jika anda tidak ingin menggunakan domain sendiri, bisa juga menggunakan yang gratis dari layanan seperti <http://freedns.afraid.org> .	Ou, se você preferir não comprar um domínio, existem também serviços gratuitos como o <http://freedns.afraid.org>.			Ή αν προτιμάτε να μην αγοράσετε έναν τομέα, υπάρχουν επίσης δωρεάν υπηρεσίες όπως το <http://freedns.afraid.org>.					Hoặc nếu bạn không muốn mua miền, cũng có các dịch vụ miễn phí như <http://freedns.afraid.org>.	
																																
html	2	HTML support!	HTML támogatás!	Supporto HTML!	HTML atbalsts!			Unterstützung für HTML Mails!	Поддержка HTML!	Wsparcie HTML!	支援 HTML!				¡Soporte HTML!						HTML disokong!	Dukungan HTML!	Suporte a HTML!			Υποστήριξη HTML!					hỗ trợ HTML!	
	8	HTML formatted emails are fully supported, with a few minor exceptions.	HTML formátumú levelek is helyesen jelennek meg, néhány formai elem kivételével, pl Javascript.	Messaggi con formattazione HTML sono pienamente supportati, salvo poche eccezioni come Javascript.	HTML formatēti e-pasti tiek pilnībā atbalstīti, ar dažiem izņēmumiem, piemēram, Javascript.			HTML formatierte Mails werden voll unterstützt, mit einigen Einschränkungen wie z.B. Javascript.	Почта в формате HTML полностью поддерживается, с некоторыми исключениями, как например Javascript.	Wiadomości w formacie HTML są w pełni obsługiwane, z kilkoma małymi wyjątkami.					Los mensajes de correo electrónico con formato HTML son totalmente compatibles, con unas pocas excepciones.						Email yang menggunakan format HTML disokong, dengan beberapa pengecualian kecil.	Dukungan penuh pada email berformat HTML, dengan sedikit pengecualian.	E-mails formatados com HTML são totalmente suportados, com algumas pequenas exceções.			Τα μορφοποιημένα ηλεκτρονικά μηνύματα HTML υποστηρίζονται πλήρως, με ελάχιστες εξαιρέσεις.					Email được định dạng HTML được hỗ trợ đầy đủ, với một vài ngoại lệ nhỏ.	
																																
	2	Multiple text encodings!	Többfajta szövegkódolás!	Codifiche multiple dei messaggi!	Daudzkārtīgā teksta kodēšana!			Verschiedene Encodings!	Многочисленные кодировки текста!	Wiele kodowań tekstowych!					¡Múltiples juegos de caracteres para codificación de texto!						Pengekodan pelbagai teks!	Dukungan beberapa kode teks!	Várias codificações de texto!			Πολλαπλές κωδικοποιήσεις κειμένου!					Nhiều mã hóa văn bản!	
	8	Many encodings are supported, like unicode (UTF-8), Western/Latin/Central European (ISO-8859-1/2), Chinese, Japanese, Korean etc.	Többféle kódolású szöveg használható, pl. unicode (UTF-8), nyugati/latin/közép-európai (ISO-8859-1/2), kínai, japán, koreai stb.	Sono supportate molte codifiche, come unicode (UTF-8), Western/Latin/Central European (ISO-8859-1/2), cinese, giapponese, coreano, ecc.	Tiek atbalstītas daudzas kodēšanas sistēmas, piemēram, unikods (UTF-8), Rietumu / Latīņu / Centrāleiropas (ISO-8859-1/2), ķīniešu, japāņu, korejiešu, utt.			Viele verschiedene Encodings werden unterstützt, so z.B. Unicode (UTF-8), Western/Latin/Central European (ISO-8859-1/2), Chinesisch, Japanisch, Koreanisch usw.	Поддерживаются многие кодировки, как например Юникод (UTF-8), Западная/Латинская/Центрально европейская (ISO-8859-1/2), Китайская, Японская, Корейская и т.п.	Obsługiwanych jest wiele kodowań, takich jak Unicode (UTF-8), Western / Latin / Central European (ISO-8859-1 / 2), chiński, japoński, koreański itp.					Muchos juegos de caracteres para codificación de texto son compatibles, como Unicode (UTF-8), Occidental/Latino/Europa Central (ISO-8859-1/2), chino, japonés,coreano, etc						Banyak pengekodan yang disokong, seperti unicode (UTF-8), Western/Latin/Central European (ISO-8859-1/2), Chinese, Japanese, Korean dan lain-lain.	Banyak pengkodean teks yang didukung, seperti unicode (UTF-8), Western/Latin/Central European (ISO-8859-1/2), Chinese, Japanese, Korean dsb.	Muitas codificações são suportadas, como Unicode (UTF-8), / Latina / Central Europeu (ISO-8859-1 / 2), Chinesa, Japonesa, Coreana, etc.			Υποστηρίζονται πολλές κωδικοποιήσεις, όπως unicode (UTF-8), Δυτική / Λατινική / Κεντρική Ευρώπη (ISO-8859-1 / 2), Κινέζικα, Ιαπωνικά, Κορεάτικα κλπ.					Nhiều mã hóa được hỗ trợ, như unicode (UTF-8), Tây/Latinh/Trung Âu (ISO-8859-1 / 2), Trung Quốc, Nhật Bản, Hàn Quốc, v.v.	
																																
	2	Multipart messages (MIME multipart)!	Többrészes üzenetek (MIME multipart)!	Messaggi multiparte (MIME multiparte)!	Vairākdaļu ziņojumi (MIME vairākdaļu ziņojumi)!			Multipart-MIME Nachrichten!	Многокомпонентные сообщения (многокомпонентные MIME)!	Wiadomości wieloczęściowe (wieloczęściowe MIME)!					¡Mensajes multiparte (MIME multiparte)!		Višedjelne poruke (MIME multipart)				Pelbagai bahagian mesej (MIME pelbagai bahagian)!	Pesan multipart (MIME Multipart)	Mensagens de várias partes (multipart MIME)!			Μηνύματα πολλαπλών τμημάτων (MIME multipart)!					Multipart tin nhắn (MIME multpiart)!	
	8	Messages made of different parts (HTML, text, attachments) are supported, displaying all parts with their type noted.  Attached images, files can be viewed and downloaded.  Beware though that unsolicited attachments likely contain viruses or scams.	A több részből álló üzenetek (szöveges, formázott, csatolmányok) is helyesen jelennek meg. A csatolt képek, fájlok megtekinthetők, letölthetők.	Messaggi composti di parti diverse (HTML, testo, allegati) sono supportati; tutte le parti vengono mostrate con l'indicazione del tipo, una dietro l'altra. Le immagini e i file allegati possono essere visualizzati e scaricati; tuttavia, vi consigliamo di fare attenzione alle email con allegati sospetti perché potrebbero contenere virus.	Tiek atbalstīti ziņojumi, kas veidoti no dažādām daļām (HTML, teksts, pielikumi); viena pēc otras tiek attēlotas visas ziņojumu daļas. Tomēr tiek izmantotas tikai teksta daļas, citas ziņojuma daļas (attēli, faili, utt.) tiek ignorētas. Tiks parādīti attēli, kuru saites būs savienotas ar citiem serveriem.			Nachrichten, die aus verschiedenen Teilen bestehen (HTML, text, Anhänge) werden unterstützt. Es werden alle Teile angezeigt, einer nach dem anderen. Es werden für die Klicks allerdings nur die Text-Mails genutzt, andere Teile werden ignoriert). Bilder, auch fremder Domains, werden angezeigt.	Поддерживаются сообщения, состоящие из разных частей (HTML, текст, вложения), отображая все части с пометкой типа, одного за другим. Однако для клика используются только текстовые части, любой другой тип игнорируется (изображения, файлы и т.п.). Изображения по ссылке других серверов отображаться будут.	Wiadomości z różnych części (HTML, tekst, załączniki) są obsługiwane, wyświetlając wszystkie części ze wskazanym typem. Załączone obrazy, pliki można przeglądać i pobierać. Pamiętaj jednak, że niechciane załączniki prawdopodobnie zawierają wirusy lub oszustwa.					Se soportan los mensajes multiparte (HTML, texto, archivos adjuntos), mostrando todas sus partes con su tipo específico. Los archivos de imágenes adjuntos pueden ser vistos y descargados. Tené cuidado porque los archivos adjuntos no solicitados pueden contener virus o estafas.						Mesej yang dihasilkan daripada jenis yang berlainan (HTML, teks, lampiran) adalah disokong. Fail atau imej yang dilampirkan boleh dilihat dan dimuat turun. Berhati-hati dengan lampiran yang tidak diminta, mungkin mengandungi virus atau penipuan.	Dukungan pada email yang dibuat dengan lebih dari satu bagian (HTML, teks, lampiran), dan bisa menampilkan semua bagian tersebut sesuai dengan jenisnya. Sisipan gambar, file bisa dilihat dan diunduh. Tetapi mohon berhati-hati karena mungkin saja berisi virus atau link scam.	Mensagens compostas de diferentes partes (HTML, texto, anexos) são suportadas, exibindo todas as partes com seu tipo. Imagens e arquivos anexados podem ser vistos e baixados. Cuidado, porém, pois anexos não solicitados provavelmente contenham vírus ou fraudes.			Τα μηνύματα που προέρχονται από διάφορα μέρη (HTML, κείμενο, συνημμένα) υποστηρίζονται, εμφανίζοντας όλα τα μέρη με τον τύπο τους σημειωμένο. Οι συνημμένες εικόνες, τα αρχεία μπορούν να προβληθούν και να φορτωθούν. Προσέξτε, ωστόσο, ότι τα ανεπιθύμητα συνημμένα πιθανόν να περιέχουν ιούς ή απάτες.					Thư được tạo từ các phần khác nhau (HTML, văn bản, tệp đính kèm) được hỗ trợ, hiển thị tất cả các phần với loại của chúng được ghi chú.  Các hình ảnh đính kèm, các tập tin có thể được xem và tải xuống.  Hãy cẩn thận mặc dù các tệp đính kèm không được yêu cầu có thể chứa vi-rút hoặc lừa đảo.	
																																
rss	2	RSS channel for every mailbox!	RSS csatorna minden postafiókhoz!	Feed RSS per ogni casella di posta!	RSS kanāls katrai pastkastītei!			RSS Kanal für jede Mailbox!	RSS канал для каждого почтового ящика!	Kanał RSS dla każdej skrzynki pocztowej!					¡Canales RSS para todas las cuentas!						Saluran RSS bagi setiap peti mel!	Kanal RSS untuk tiap mailbox!	Canal RSS para cada e-mail!			Ροή RSS για κάθε γραμματοκιβώτιο!					Kênh RSS cho mọi hộp thư!	
	8	If you would like to be informed when a new message arrives, click on the *RSS* button on the desired mailbox page.  This way you can convert an email newsletter into an RSS feed! (email to RSS) The following RSS URL parameters are available:	Ha figyelni szeretnéd, mikor érkezik levél egy adott postafiókra, kattints az RSS ikonra az adott postafiókban.	Se vuoi essere informato quando arriva un nuovo messaggio clicca sul bottone RSS della pagina della casella di posta desiderata. In questo modo puoi convertire una newsletter in un feed RSS! (e-mail a RSS)	Ja vēlaties tikt informēts par jauna ziņojuma pienākšanu, piespiediet RSS pogu vēlamajā pastkastītes lapā. Šādā veidā jūs varat konfigurēt e-pasta iesūtni, lai ziņojumi nāktu uz RSS barotni! (e-pasts uz RSS)			Wenn Du erfahren möchtest, wann eine neue Mail eingegangen ist, klicke auf den RSS Button auf der gewünschten Mailbox-Seite. So kannst Du E-Mail Newsletter in einen RSS Feed umwandeln (email-to-RSS).	Если вы хотите быть уведомлённым о поступлении нового сообщения, нажмите на кнопку RSS на странице требуемого почтового ящика. Таким образом, вы конвертируете информационный бюллетень электронной почты в RSS рассылку! (электронная почта в RSS)	Jeśli chcesz być informowany o nadejściu nowej wiadomości, kliknij przycisk RSS na żądanej stronie skrzynki pocztowej. W ten sposób możesz zamienić biuletyn e-mailowy na kanał RSS! (e-mail do RSS) Dostępne są następujące parametry URL RSS: 					Si querés estar informado cuando llega un nuevo mensaje, hacé clic en el botón *RSS* en la página de la cuenta deseada. ¡De esta forma podés convertir un mensaje de un boletín electrónico en una fuente RSS! (mensaje correo electrónico a RSS)						Jika anda mahu dimaklumkan apabila mesej baru tiba, klik pada butang *RSS* di halaman peti mel yang dikehendaki. Dengan cara ini anda boleh menukar dari e-mel ke RSS! (e-mel kepada RSS)	Jika anda ingin terus mendapat notifikasi tiap pesan yang masuk, klik tombol *RSS* pada mailbox yang diinginkan. Ini akan menjadikan newsletter email menjadi pasokan RSS (email jadi RSS)	Se você gostaria de ser informado quando chega uma nova mensagem, clique no botão *RSS* na página da caixa de correio desejada. Desta forma, você pode converter um boletim de e-mail em um feed RSS! (e-mail para RSS) Os seguintes parâmetros de URL RSS estão disponíveis:			Εάν θέλετε να ενημερώνεστε όταν φτάνει ένα νέο μήνυμα, κάντε κλικ στο κουμπί *RSS* στη σελίδα του επιθυμητού γραμματοκιβωτίου. Με αυτόν τον τρόπο μπορείτε να μετατρέψετε ένα ενημερωτικό δελτίο ηλεκτρονικού ταχυδρομείου σε μια ροή RSS! (e-mail σε RSS) Οι ακόλουθες παράμετροι URL RSS είναι διαθέσιμες:					Nếu bạn muốn được thông báo khi có thư mới, hãy nhấp vào nút *RSS* trên trang hộp thư mong muốn.  Bằng cách này, bạn có thể chuyển đổi một bản tin email thành một nguồn cấp dữ liệu RSS!  (gửi email tới RSS) Các tham số URL RSS sau có sẵn:	
	8	- mailcount: the number of emails to display in the RSS, 10 if not specified						- mailcount: die Anzahl der Mails die als RSS angezeit werden sollen, 10 wenn nichts angegeben ist		mailcount: liczba wiadomości e-mail wyświetlanych w kanale RSS, 10, jeśli nie określono inaczej 													- mailcount: o número de e-mails para exibir no RSS, 10, se não especificado			-mailcount: ο αριθμός των μηνυμάτων ηλεκτρονικού ταχυδρομείου που θα εμφανίζονται στο RSS, 10 αν δεν έχει καθοριστεί					- số lượng email: số lượng email hiển thị trong RSS, mặc định là 10	
	8	- format: "html" or "plain", defaults to the one that is greater (in bytes)								format: "html" lub "plain", domyślnie ten, który jest większy (w bajtach)													- formato: "html" ou "texto", o padrão é aquele que é maior (em bytes)			-format: "html" ή "plain", προεπιλεγμένη αυτή που είναι μεγαλύτερη (σε bytes)					- định dạng: "html" hoặc "plain", mặc định là định dạng lớn hơn (tính bằng byte)	
	8	Example: mailnesia.com/rss/mailbox_name?mailcount=50&format=plain						Beispiel: mailnesia.com/rss/mailbox_name?mailcount=50&format=plain		Przykład: mailnesia.com/rss/mailbox_name?mailcount=50&format=plain											Contoh: mailnesia.com/rss/mailbox_name?mailcount=50&format=plain		Exemplo: mailnesia.com/rss/mailbox_name?mailcount=50&format=plain			Παράδειγμα: mailnesia.com/rss/mailbox_name?mailcount=50&format=plain					Ví dụ: mailnesia.com/rss/mailbox_name?mailcount=50&format=plain	
																																
alias	2	Assignable alias for every mailbox	Postafiókokhoz rendelhető alias (álnév)!	Alias assegnabili ad ogni casella di posta!	Piešķiramie aizstājvārdi katrai pastkastītei			Zuweisbare Aliase für jede Mailbox	Назначаемый псевдоним каждому почтовому ящику	Przypisywany alias dla każdej skrzynki pocztowej					Alias asignables para cada cuenta						Nama yang boleh diserahhakkan bagi setiap peti mel	Alias bisa digunakan untuktiap mailbox	Alias atribuível para cada caixa de correio			Ψευδώνυμα για κάθε γραμματοκιβώτιο					Bí danh có thể gán cho mọi hộp thư	
	8	If you don't want anybody reading your mail, set an alias for your mailbox.  You hand out the alias, and accessing the messages is only possible from the original mailbox, not from the alias!	Ha nem szeretnéd, hogy bárki olvasgassa az emailjeidet, hozzárendelhetsz alias-t egy postafiókhoz, majd az aliast adod meg mindenkinek. Az érkezett üzenetek csak az eredeti postafióknál olvashatóak, az aliasnál nem!	Se non vuoi che nessuno legga la tua posta crea un alias per la tua casella di posta. Comunica l'alias a chi vuoi, poiché è possibile accedere ai messaggi solo con la casella di posta originale, non con l'alias!	Ja jūs nevēlaties, lai kāds lasītu jūsu pastu, piešķiriet savai pastkastītei aizstājvārdu. Piešķirot aizstājvārdu piekļuve ziņojumiem kļūst iespējama vienīgi no oriģinālās pastkastītes, nevis izmantojot aizstājvārdu!			Wenn Du nicht möchtest, dass jeder Deine E-Mails liest weise Deiner Mailbox einen Alias zu. Du gibst den Alias raus, der Abruf der NAchricht ist aber nur über den Original Mailboxnamen möglich, nicht über den Alias!	Если вы не хотите, чтобы кто-то читал вашу почту, то установите псевдоним для вашего почтового ящика. Вы, не задумываясь, раздаёте псевдоним, но доступ к сообщениям возможен только через исходный почтовый ящик, а не через псевдоним!	Jeśli nie chcesz, aby ktoś czytał twoją pocztę, ustaw alias dla swojej skrzynki pocztowej. Rozdajesz alias, a dostęp do wiadomości jest możliwy tylko z oryginalnej skrzynki pocztowej, a nie z aliasu!					Si no querés que nadie lea tu correo, configurá un alias para tu cuenta. ¡Utilizá tu alias para darle tu dirección a los demás, ya que sólo es posible acceder a los mensajes desde la cuenta original, no de los alias!						Jika anda tidak mahu orang lain membaca emel anda, tetapkan nama lain untuk peti mel anda. Anda hanya boleh mengakses mesej dari peti mel yang asal, bukan dari nama lain!	Jika anda tidak ingin semua orang bisa membaca email anda, buat alias pada mailbox anda. Yang anda kirimkan adalah aliasnya, sementara yang anda baca adalah nama mailbox asli karena email hanya bisa dibaca dari nama mailbox, bukan nama aliasnya.	Se você não quer que ninguém leia seus e-mails, defina um alias para a sua caixa de correio. Você distribuir o alias, mas o acesso as mensagens só é possível a partir do e-mail original, não a partir do apelido!			Αν δεν θέλετε να διαβάζει κανείς το ταχυδρομείο σας, ορίστε ένα ψευδώνυμο για το γραμματοκιβώτιό σας. Χρησιμοποιείτε το ψευδώνυμο ενώ η πρόσβαση στα μηνύματα είναι δυνατή μόνο με χρήση του αρχικού γραμματοκιβώτιου και όχι από το ψευδώνυμο!					Nếu bạn không muốn ai đó đọc thư của mình, hãy đặt bí danh cho hộp thư của bạn.  Bạn cung cấp bí danh và chỉ có thể truy cập thư từ hộp thư gốc, không phải từ bí danh!	
																																
	8	Just open a mailbox and click the tools icon to assign an alias for that mailbox.  You can set any name you want, as long as its an empty mailbox. Mailbox names cannot be used that are already aliases or have alias associations. The naming restrictions also apply (see at end of page).	Bármely postafióknál a csavarkulcs ikonra kattintva megnyílik a beállítások oldal, ahol felaljánlja hogy hozzárendelj egy aliast. Itt megadhatsz egy üres postafiók nevet.  Nem használhatók olyan nevek mihez már van alias rendelve, vagy ami már egy másik postafiók aliasa.   A használható karaktereket lásd az oldal alján.	Se apri una casella senza messaggi puoi assegnare un alias a quella casella. Puoi assegnare qualsiasi alias tu voglia sempre che anche l'alias sia una casella di posta vuota. Infatti se potessi usare per alias una casella di posta che non fosse vuota questo farebbe si che tutti i messaggi in quella casella venissero reindirizzati alla tua comportando la perdita da parte dell'utente originale della sua casella di posta. Naturalmente non puoi usare un nome che corrisponda ad un alias già assegnato ed inoltre vi sono alcune restrizioni sui nomi (vedi fondo pagina).	Ja jūs atverat pastkastīti, kura nesatur ziņojumus, jūs tai varat piešķirt aizstājvārdu. Jūs varat izvēlēties jebkuru sev tīkamu nosaukumu, jo aiz aizstājvārda arī tiek izmantota tukša pastkastīte. Ja jūs varētu lietot pastkastīti, kura nav tukša, kā aizstājvārdu, tad viss pasts no šīs pastkastītes tiktu novirzīts uz jūsu pastkastīti, tādā veidā oriģinālais lietotājs pazaudētu savu pastkastīti. Protams, jūs nevarat izmantot nosaukumu, kurš jau ir piešķirts jau esošam aizstājvārdam, tāpat arī jāievēro nosaukumu došanas ierobežojumi (skatīt lapas beigās).			Sobald Du eine leere Mailbox öffnest, kannst Du einen Alias zuweisen. Das darf jeder beliebige Name sein, solange es unter dem Alias eine ebenfalls leere Mailbox gibt. Sonst würde auf die in der Alias-Mailbox liegenden Mails ja nicht mehr zugegriffen werden können. Ebenfalls kann kein Aliasname gewählt werden den en bereits gibt. Die Zeicheneinschränkungen (siehe unten) gelten ebenfalls für Aliase.	Если вы откроете почтовый ящик, в котором нет сообщений, то вы можете назначить псевдоним для этого ящика. Вы можете задать любое имя, какое хотите, пока с этим псевдонимом также имеется пустой почтовый ящик. Это оттого что, если бы вы могли использовать не пустой ящик в качестве псевдонима, то это бы означало перенаправление всей почты с этого почтового ящика на ваш, тем самым настоящий пользователь теряет свой почтовый ящик. Конечно, вы не сможете использовать имя, которое уже назначено, как псевдоним, а также ограничения, применяемые к наименованию (см. в конце страницы).	Wystarczy otworzyć skrzynkę pocztową i kliknąć ikonę narzędzi, aby przypisać alias dla tej skrzynki pocztowej. Możesz ustawić dowolną nazwę, o ile jest pusta. Nie można używać nazw skrzynek pocztowych, które są już aliasami lub mają powiązania aliasów. Obowiązują również ograniczenia nazw (patrz na końcu strony).					Si abrís una cuenta sin mensajes previos, le podés asignar un alias. Podés elegir cualquier nombre que quieras, siempre y cuando la cuenta de correo esté vacía. Los nombres de cuentas no se pueden utilizar ya que ya son alias o tienen un alias asociado. Las restricciones de nomenclatura también se aplican (mirá al final de la página).						Jika anda membuka peti mel dan tiada mesej, anda boleh menetapkan nama untuk peti mel itu. Anda boleh menetapkan apa-apa nama yang anda mahu, selagi peti mel itu kosong. Nama-nama peti mel tidak boleh digunakan sekiranya ia telah digunakan di peti mel yang lain. Batasan nama juga dikenakan (lihat @ akhir halaman).	Jika anda membuka mailbox yang belum berisi pesan sama sekali, anda bisa membuat alias untuk mailbox tersebut. Tentukan apapun nama yang anda mau asalkan mailbox masih kosong. Nama mailbox tidak bisa menggunakan alias yang sudah digunakan orang lain atau sudah mempunyai alias lain. Kami juga menerapkan batasan penamaan (lihat @ akhir halaman).	Se você abrir uma caixa de correio sem mensagens, você pode atribuir um alias para essa caixa de correio. Você pode definir o nome que quiser, contanto que seja uma caixa de correio vazia. Nomes de caixa de correio não podem ser usados se já são aliases ou têm associações de alias. As restrições de nomenclatura também se aplicam (ver @ no final da página).			Απλά ανοίξτε ένα γραμματοκιβώτιο και κάντε κλικ στο εικονίδιο εργαλείων για να αντιστοιχίσετε ένα ψευδώνυμο για αυτό το γραμματοκιβώτιο. Μπορείτε να ορίσετε οποιοδήποτε όνομα θέλετε, αρκεί να είναι ένα κενό γραμματοκιβώτιο. Τα ονόματα γραμματοκιβωτίου δεν μπορούν να χρησιμοποιηθούν που είναι ήδη ψευδώνυμα ή έχουν ψευδώνυμο. Οι περιορισμοί ονομασίας ισχύουν επίσης (βλ. στο τέλος της σελίδας).					Chỉ cần mở một hộp thư và nhấp vào biểu tượng công cụ để gán bí danh cho hộp thư đó.  Bạn có thể đặt bất kỳ tên nào bạn muốn, miễn là tên đó là một hộp thư trống.  Không thể sử dụng tên hộp thư đã là bí danh hoặc có liên kết bí danh.  Các giới hạn đặt tên cũng được áp dụng (xem ở cuối trang).	
																																
	8	For example let's say you assign the alias **nudac6** to the mailbox **magnic**!	A példa kedvéért a postafiók legyen magnic, az aliasa pedig nudac6!	Mettiamo per esempio che tu assegni l'alias nudac6 alla casella di posta magnic!	Piemēram, jūs piešķirat aizstājvārdu nudac6 pastkastītei magnic!			Nehmen wir, an, Du weist den Alias nudac6 der Mailbox magnic zu!	Например, скажем, вы назначаете псевдоним nudac6 почтовому ящику magnic!	Na przykład załóżmy, że przypisujesz alias nudac6 do magnum skrzynki pocztowej !					Por ejemplo, digamos que asignas el alias **nudac6** a la cuenta **magnic**.						Sebagai contoh, anda menetapkan nama **nudac6** ke peti mel **magnic**!	Misalnya, anda membuat alias **nudac6** untuk mailbox **magnic**!	Por exemplo, digamos que você atribuir o alias **nudac6** à caixa de correio **magnic**!			Για παράδειγμα, ας πούμε ότι ορίσατε το ψευδώνυμο **nudac6** στο γραμματοκιβώτιο **magnic**!					Ví dụ: giả sử bạn gán bí danh **PhongInk** cho hộp thư **phongga018**!	
																																
	8	 If somebody opens nudac6, there will be an error message stating this is an alias, sending mail here is redirected elsewhere, and no email messages can be viewed here.  And at magnic you can view the associated alias(es) on the settings page accessible with the tools icon.	Ha valaki megnyitja a nudac6-ot, akkor kiírja hogy ez egy alias, és másik címre mennek az üzenetek, itt nem jelennek meg egyáltalán. A magnic-nél pedig mindig kiírja hogy a nudac6 az alias, arra küldött üzenetek ide jönnek.	Se qualcuno apre nudac6 apparirà un messaggio di errore ricordando che quello è un alias che spedisce i messaggi altrove e che nessun messaggio potrà essere visto lì. A magnic nel frattempo arriverà un avviso ricordando che l'alias assegnato è nudac6.	Ja kāds atvērs nudac6 parādīsies paziņojums par kļūmi; aizstājvārda pastkastītes ienākošais pasts tiek pārsūtīts citur un e-pasta ziņojumus šeit nav iespējams aplūkot. Savukārt magnic pastkastītē būs redzams atgādinājums, ka piešķirtais aizstājvārds ir nudac6.			Sobald jemand nudac6 öffnet erhält er eine Fehlermeldung, dass dies ein Aliasname sei und die hierhin geschickte Mail woanders aufläuft. Im Postfach magnic steht ein Hinweis, dass dies ein Alias zu nudac6 ist.	Если кто-то откроет nudac6, то там будет сообщение об ошибке констатирующее, что это такой-то псевдоним и посылаемая сюда почта куда-то перенаправляется, и что электронных сообщений здесь просмотреть нельзя. А на почтовом ящике magnic будет напоминание гласящее, что назначенный псевдоним nudac6.	Jeśli ktoś otworzy nudac6, pojawi się komunikat o błędzie z informacją, że jest to alias, wysyłanie wiadomości tutaj jest przekierowywane gdzie indziej, a tutaj nie można przeglądać żadnych wiadomości e-mail. A w magnic można zobaczyć powiązane aliasy na stronie ustawień dostępnych za pomocą ikony narzędzi.					Si alguien abre nudac6, verá un mensaje de error que indica que este es un alias, y que el envío de correo hacia este alias se redirige a otra parte, y no hay ningún mensaje de correo electrónico para ver por acá. Y en magnic aparece un recordatorio diciendo que el alias asignado es nudac6.						Jika seseorang membuka nudac6, akan ada mesej ralat yang menyatakan peti mel ini adalah nama yang telah digunakan sebagai alias, dan e-mel tidak boleh dilihat di sini. Dan di magnic akan diingatkan bahawa nama alias adalah nudac6.	Jika seseorang membuka nudac6, maka akan ditampilkan pesan kesalahan bahwa nama tersebut merupakan alias, email yang terkirim ke nama tersebut akan dialihkan ke nama lain dan tidak ada pesan email yang bisa dibaca dengan nama tersebut. Dan pada magnic akan ditulis bahwa alias yang berkaitan dengan nama tersebut adalah nudac6.	 Se alguém abrir nudac6, haverá uma mensagem de erro informando é um alias, o envio de e-mail aqui é redirecionado em outros lugares, e não há mensagens de e-mail para ser vistas aqui. E no magnic haverá um lembrete dizendo que o alias atribuído é nudac6.			Αν κάποιος ανοίξει το nudac6, θα υπάρχει ένα μήνυμα σφάλματος που δηλώνει ότι πρόκειται για ψευδώνυμο, το μήνυμα αποστολής ανακατευθύνεται αλλού και δεν μπορούν να προβληθούν εδώ μηνύματα ηλεκτρονικού ταχυδρομείου. Και στο magnic μπορείτε να δείτε το σχετικό ψευδώνυμο(α) στη σελίδα ρυθμίσεων που είναι προσβάσιμη με το εικονίδιο εργαλείων.					Nếu ai đó mở nudac6, sẽ có thông báo lỗi cho biết đây là bí danh, việc gửi thư ở đây sẽ bị chuyển hướng đến nơi khác và không thể xem thư email nào ở đây.  Và tại magnic, bạn có thể xem (các) bí danh liên quan trên trang cài đặt có thể truy cập bằng biểu tượng công cụ.	
																																
	8	Changing an alias and assigning multiple aliases is possible in the settings page accessible from the tools icon.	Aliast változtatni és több aliast hozzárendelni a beaállítások oldalon lehet a csavarkulcs ikonra kattintva.	Cambiare alias non è possibile. Tuttavia alle caselle di posta vuote viene resettato l'alias una volta al giorno e a quel punto diventa possibile assegnare un altro alias.	Aizstājvārda nomaiņa nav iespējama. Tomēr tukšām pastkastītēm aizstājvārdi tiek atiestatīti reizi dienā, līdz ar to tas ļauj veikt jauna aizstājvārda piešķiršanu.			Ein Alias kann nicht geändert werden; die Aliase leere Postfächer werden aber einmal am Tag resettet und können neu zugewiesen werden.	Изменение псевдонима невозможно. 	Zmiana aliasu i przypisanie wielu aliasów jest możliwa na stronie ustawień dostępnej z ikony narzędzi					No es posible cambiar un alias que ya fue asignado, los ajustes son permanentes.						Nama alias tidak boleh ditukar, tetapan adalah kekal.	Nama alias tidak bisa diubah, pengaturan ini bersifat permanen.	Mudar um alias não é for possível, as configurações são permanentes.			Μπορείτε να αλλάξετε ένα ψευδώνυμο και να ορίσετε πολλά ψευδώνυμα στη σελίδα ρυθμίσεων που είναι προσβάσιμη από το εικονίδιο εργαλείων.					Bạn có thể thay đổi bí danh và gán nhiều bí danh trong trang cài đặt có thể truy cập từ biểu tượng công cụ.	
																																
	2	Deleting messages	Törlés	Cancellazione dei messaggi	Ziņojumu dzēšana			Nachrichten löschen	Удаление сообщений	Kasowanie wiadomości					Eliminación de mensajes						Membuang mesej	Menghapus pesan	Excluindo mensagens			Διαγραφή μηνυμάτων					Xóa tin nhắn	
	8	Messages are automatically deleted in a short time, usually after a few days based on incoming mail rate. The current value can be found on the [statistics](/stats.html) page.	Az üzenetek automatikusan törlődnek rövid időn, általában egy héten belül. A jelenlegi érték megtekinthető a [statisztika](/stats.html) oldalon.	I messaggi vengono cancellati automaticamente, solitamente in un paio di giorni. Questo intervallo di tempo varia in base al numero di email in entrata; in ogni momento è possibile conoscere il valore corrente sulla [pagina delle statistiche](/stats.html).	Ziņojumi tiek automātiski dzēsti, kad to vecums sasniedz divus mēnešus. Šobrīd nav iespējams manuāli dzēst ziņojumus, taču nākotnē, iespējams, šāda funkcija būs pieejama.			Nachrichten werden automatisch nach zwei Monaten gelöscht. Im Moment ist nicht vorgesehen, Nachrichten händisch zu löschen (wir denken aber darüber nach).	Сообщения автоматически удаляются через два месяца. В настоящее время удалить вручную сообщение не получится, но такая функция, возможно, будет в будущем.	Wiadomości są automatycznie usuwane w krótkim czasie, zwykle po kilku dniach w oparciu o stawkę poczty przychodzącej. Aktualną wartość można znaleźć na stronie [statystyki] (/ stats.html).					Los mensajes se eliminan automáticamente en un período de tiempo corto, normalmente después de unos pocos días basados en la tasa de correo entrante. El valor actual lo podés encontrar en la página [Estadísticas](/stats.html).						Mesej akan dipadam secara automatik dalam masa yang singkat, biasanya selepas beberapa hari berdasarkan kadar mel masuk. Nilai semasa boleh didapati di halaman [statistics](/stats.html).	Pesan akan secara otomatis dihapus setelah beberapa waktu, biasanya setelah beberapa hari tergantung pada tingkat email yang masuk. Nilai yang berlaku bisa dilihat di halaman [statistik](/stats.html).	As mensagens são automaticamente excluídas em um curto período de tempo, geralmente após alguns dias com base na taxa de e-mails recebidos. O valor atual pode ser encontrado na página [estatísticas](/stats.html).			Τα μηνύματα διαγράφονται αυτόματα σε σύντομο χρονικό διάστημα, συνήθως μετά από λίγες μέρες, με βάση την ροή της εισερχόμενης αλληλογραφίας. Η τρέχουσα τιμή μπορεί να βρεθεί στη σελίδα [statistics](/stats.html).					Tin nhắn sẽ tự động bị xóa trong thời gian ngắn, thường là sau vài ngày dựa trên tốc độ thư đến.  Giá trị hiện tại có thể được tìm thấy trên trang [thống kê](/stats.html).	
																																
	8	You can manually delete a single message with the delete button above an opened email, or wipe out all the messages in a mailbox with the trash icon above the mail list.	Üzenetek manuális törlésére lehetőség van az email feletti kuka gomb segítségével.	È possibile cancellare un singolo messaggio, aprendolo e cliccando sul bottone "delete this email". Per eliminare tutti i messaggi nella casella email c'è un bottone sopra il loro elenco.				Sie können eine einzelne Nachricht mit der Delete-Taste löschen, oder alle Nachrichten durch wischen mit den Papierkorb-Icon über der Nachrichtenliste		Możesz ręcznie usunąć pojedynczą wiadomość za pomocą przycisku usuwania powyżej otwartej wiadomości e-mail lub wyczyścić wszystkie wiadomości w skrzynce pocztowej z ikoną kosza nad listą wiadomości.					Podés eliminar manualmente un solo mensaje con el botón de borrar encima de un mensaje de correo electrónico abierto, o podés borrar todos los mensajes de una cuenta con el botón que está arriba de la lista de correo.						Anda boleh membuang mesej secara manual dengan menekan butang buang di bahagian atas emel, atau menghapuskan semua mesej di dalam peti mel dengan menekan butang buang di atas senarai emel.	Anda bisa menghapus satu pesan secara manual lewat tombol Hapus di atas pesan yang sedang dibuka, atau menghapus semua pesan dalam mailbox lewat tombol di atas daftar pesan.	Você pode excluir manualmente uma única mensagem com o botão excluir acima de um e-mail aberto, ou apagar todas as mensagens em uma caixa de correio com o botão acima da lista de correio.			Μπορείτε να διαγράψετε χειροκίνητα ένα μήνυμα με το κουμπί διαγραφής πάνω από ένα μήνυμα ηλεκτρονικού ταχυδρομείου ή να διαγράψετε όλα τα μηνύματα σε ένα γραμματοκιβώτιο με το εικονίδιο του κάδου απορριμμάτων πάνω από τη λίστα αλληλογραφίας.					Bạn có thể xóa thủ công một thư bằng nút xóa phía trên email đã mở hoặc xóa tất cả thư trong hộp thư có biểu tượng thùng rác phía trên danh sách thư.	
																																
	2	Limitations	Limitációk	Limitazioni				Einschränkungen		Ograniczenia				Omezení	Limitaciones						Pengehadan	Batasan	Limitações			Περιορισμοί					Hạn chế	
	3	Receive only	Csak e-mail fogadás	Le caselle di posta possono solo ricevere messaggi	Tikai saņemšana			Nur empfangen	Только получение	Odbierz tylko				Pouze příjem zpráv	Sólo recepción						Menerima sahaja	Hanya menerima	Recebe apenas			Λήψη μόνο					Chỉ nhận	
	8	No email sending at this time.	Üzenetek küldésére nincsen lehetőség.	Non è ancora abilitata la spedizione di messaggi.	Pagaidām e-pastu izsūtīšana nav iespējama.			Im Moment werden keine Nachrichten versendet.	В данное время почта не отсылается.	Brak wysyłania wiadomości e-mail w tej chwili				V tuto dobu nelze odeslat zprávy.	Por el momento no podés enviar mensajes desde tu cuenta, solamente podés recibirlos.						Tidak boleh menghantar emel buat masa ini.	Saat ini tidak bisa mengirim email.	Nenhum e-mail pode ser enviando até este momento.			Όχι αποστολή προς το παρόν.					Không có email gửi vào lúc này.	
																																
	3	Message size	E-mail méret	Dimensione dei messaggi	Ziņojuma izmērs			Nachrichtengrösse	Размер сообщения	Rozmiar wiadomości				Velikost zprávy.	Tamaño del mensaje						Saiz mesej	Ukuran pesan	Tamanho da mensagem			Μέγεθος μηνύματος					Độ dài tin nhắn	
	8	The size of a message can be 500 kilobytes at most. Bigger emails are *rejected*.	Egy üzenet mérete legfeljebb 500 kilobyte lehet. Az ennél nagyobb méretű emailek visszautasításra kerülnek.	La dimensione massima di un messaggio è di 500kb. Le email che eccedono questo limite non saranno accessibili.	Lielākais ziņojums izmērs var būt 500 kilobaiti. Ziņojuma daļas, kuras pārsniegs šo apjomu, lietotājiem nebūs pieejamas.			Nachrichten dürfen maximal 500 Kilobytes gross sein, alles darüber Hinausgehende ist nicht abrufbar.	Размер сообщения может быть не более 500 килобайт. Сегменты, выходящие за это значение, будут не доступны.	Rozmiar wiadomości może wynosić maksymalnie 500 kilobajtów. Większe e-maile są odrzucane .				Velikost zprávy nesmí být více než 500 kB. Větší zprávy budou odmítnuty.	El tamaño de un mensaje puede ser de hasta 500 kilobytes. Los mensajes de correo electrónico más grandes son *rechazados*.						Saiz mesej yang dibenarkan adalah 500 kilobytes. E-mel yang bersaiz lebih besar dari itu akan *ditolak*.	Ukuran maksimal sebuah pesan adalah 500kb. Ukuran yang lebih besar otomatis *ditolak*.	O tamanho de uma mensagem pode ser de, no máximo, 500 kilobytes. E-mails maiores são *rejeitadas*.			Το μέγεθος του μηνύματος είναι μέχρι 500 kilobytes. μεγαλύτερα emails *απορρίπτονται*.					Tin nhắn không được phép viết dài hơn 500 từ. Các thư viết dài hơn sẽ bị *loại*.	
																																
	3	Mailbox naming	Használható nevek	Denominazione delle caselle	Pastkastītes nosaukšana vārdā			Postfachnamen	Наименование почтового ящика	Nazewnictwo skrzynek pocztowych				Jméno mailboxu	Nombres de las cuentas						Penamaan peti mel	Penamaan mailbox	Nomenclatura da caixa de correio			Ονομασία γραμματοκιβωτίου					Tên hộp thư	
	8	The name of mailboxes (and aliases) cannot be longer than 30 characters, and can only contain letters [a-z], numbers [0-9], dash, dot, underscore and plus [-._+].	A postafiókok és alias-ok neve legfeljebb 30 karakter hosszú lehet, és csak az angol abc betűit [a-z], számokat [0-9], pontot, kötőjelet, áhúzásjelet és plusz jelet [.-_+] tartalmazhat.	Il nome delle caselle (e degli alias) non può essere più lungo di 30 caratteri, e può contenere solo lettere [a-z], numeri [0-9], trattini, punti, underscore e segno più [-._+].	Pastkastīšu (un aizstājvārdu) nosaukumi nedrīkst būt garāki par 30 rakstzīmēm un var ietver tikai sekojošus simbolus [a-z],[0-9], [-._+].			Der Name von Postfächern (und Aliasen) darf nicht länger als 30 Zeichen sein und darf nur aus den Buchstaben [a-z], den Ziffern [0-9], dem Minuszeichen, dem Punkt, dem Unterstrich und dem Pluszeichen bestehen [-._+].	Имя почтового ящика (и псевдонимы) не могут быть длиннее 30 символов и могут содержать только буквы [a-z], числа [0-9], тире, точку, подчёркивание и знак плюса [-._+].	Nazwa skrzynek pocztowych (i aliasów) nie może być dłuższa niż 30 znaków i może zawierać tylko litery [az], cyfry [0-9], myślnik, kropkę, podkreślenie i plus [-._ +]				Jméno mailboxu (a aliasu) nesmí být delší než 30 znaků, může obsahovat pouze písmena [a-z], číslice [0-9], tečku, pomlčku, spodní podtržítko, plus a mínus [.-_+-].	El nombre de las cuentas de correo electrónico (y los alias) no pueden tener más de 30 caracteres y sólo pueden contener letras [a-z], números [0-9], guión, punto, guión bajo y el signo más [-._+].						Nama peti mel (dan nama alias) tidak boleh lebih daripada 30 huruf, dan hanya boleh mengandungi huruf [a-z], nombor [0-9], sengkang, titik, palang bawah dan tambah [-._+].	Nama mailbox (dan aliasnya) tidak bisa lebih dari 30 karakter dan hanya berisi huruf [a-z], angka [0-9], strip atau tanda minus, tanda titik, garis bawah dan tanda plus [-._+].	O nome das caixas de correio (e aliases) não podem ser superiores a 30 caracteres, e podem conter apenas letras [a-z], números [0-9], traço, ponto sublinhado e mais [-._ +].			Το όνομα των γραμματοκιβωτίων (και των ψευδωνύμων) δεν μπορεί να υπερβαίνει τους 30 χαρακτήρες και μπορεί να περιέχει μόνο γράμματα [a-z], αριθμούς [0-9], παύλα, κουκκίδα, υπογράμμιση και συν [-._ +].					Tên hộp thư không được phép quá 30 kí tự, và chỉ được quy định là chữ [a-z], số [0-9], dấu gạch ngang [-], dấu chấm[.], dấu gạch dưới [_] và dấu cộng [+]	
	2	Open-source						Open-source			開放原始碼										Sumber  terbuka		Código aberto			Ανοικτού-Κώδικα					Mã nguồn mở	
	8	Publicly hosted on [GitHub](https://github.com/Gilwyad/mailnesia.com) where it is possible to view all source code, submit changes, leave comments, open issues for bug reports and feature requests. 						Öffentlich gehosted auf [GitHub](https://github.com/Gilwyad/mailnesia.com) wo der komplette Quell-Code eingesehen, Änderungen vorgeschlagen, Kommentare hinterlassen, Problemmeldungen und Wünsche hinterlassen werden können. 		Publicznie hostowany na GitHub, gdzie można wyświetlać cały kod źródłowy, przesyłać zmiany, zostawiać komentarze, otwierać problemy z raportami o błędach i żądaniami funkcji.										 	Dihoskan secara umum di [GitHub] (https://github.com/Gilwyad/mailnesia.com) di mana anda boleh melihat semua kod sumber, mengemukakan perubahan, meninggalkan komen, melaporkan sebarang isu atau ralat dan permintaan ciri-ciri baru.		Publicamente hospedado no [GitHub](https://github.com/Gilwyad/mailnesia.com), onde é possível ver todo o código fonte, sugerir alterações, deixar comentários, informar bugs e solicitar novos recursos.			Φιλοξενείται στο [GitHub] (https://github.com/Gilwyad/mailnesia.com) όπου είναι διαθέσιμος όλος ο πηγαίος κώδικας, στο GitHub μπορείτε να βελτιώστε τον κώδικα, να καταχωρίστε σχόλια, αναφορές σφαλμάτων και αιτήματα επεκτάσεων.					Được lưu trữ công khai trên [GitHub](https://github.com/Gilwyad/mailnesia.com), nơi có thể xem tất cả mã nguồn, gửi thay đổi, để lại nhận xét, các vấn đề mở cho báo cáo lỗi và yêu cầu tính năng.	
